{"cameraMode":{"drawMode":0,"name":"Shaded","section":"Shading Mode"},"sceneLighting":true,"audioPlay":false,"sceneViewState":{"showFog":true,"showMaterialUpdate":false,"showSkybox":true,"showFlares":true,"showImageEffects":true,"showParticleSystems":true,"showVisualEffectGraphs":true,"m_FxEnabled":true},"in2DMode":false,"pivot":{"x":-2.7349748611450197,"y":2.8483526706695558,"z":10.389286041259766},"rotation":{"x":-0.019450277090072633,"y":-0.07042836397886276,"z":-0.0013734527165070177,"w":0.9973272681236267},"size":12.12435531616211,"orthographic":false}